id,Title,Content,"Post Type",code,address
31,"First Chành xe",,cr_carrier,GV0001,"a:1:{i:0;a:3:{s:7:""address"";s:20:""123, abc, xyz, TPHCM"";s:4:""time"";s:7:""30 phut"";s:5:""start"";a:2:{i:0;s:5:""08:00"";i:1;s:5:""10:00"";}}}"
32,"Chành xe chị Hồng",,cr_carrier,GV0002,"a:1:{i:0;a:3:{s:7:""address"";s:29:""456, xỳ, s df,TPHCM21312311"";s:4:""time"";s:8:""60 phút"";s:5:""start"";a:2:{i:0;s:5:""07:23"";i:1;s:5:""22:26"";}}}"
52,"nha xe 3",,cr_carrier,GV0003,"a:1:{i:0;a:3:{s:7:""address"";s:26:""asdasd,asfas,wqfqwr,asfasf"";s:4:""time"";s:5:""2 gio"";s:5:""start"";a:2:{i:0;s:5:""01:13"";i:1;s:5:""15:15"";}}}"
53,"nha xe 4",,cr_carrier,GV0004,"a:1:{i:0;a:3:{s:7:""address"";s:7:""asdasda"";s:4:""time"";s:7:""afdsfaf"";s:5:""start"";a:2:{i:0;s:5:""22:12"";i:1;s:5:""10:12"";}}}"
54,"Chành xe 5",,cr_carrier,GV0005,"a:1:{i:0;a:3:{s:7:""address"";s:6:""asdasd"";s:4:""time"";s:6:""wqewqe"";s:5:""start"";a:2:{i:0;s:5:""22:15"";i:1;s:5:""10:15"";}}}"
55,"Chành xe 6",,cr_carrier,GV0006,"a:1:{i:0;a:3:{s:7:""address"";s:6:""ádqwe"";s:4:""time"";s:7:""edfsdfv"";s:5:""start"";a:2:{i:0;s:5:""22:17"";i:1;s:5:""10:17"";}}}"
56,"Chành xe 7",,cr_carrier,GV00007,"a:1:{i:0;a:3:{s:7:""address"";s:5:""34324"";s:4:""time"";s:10:""1232144124"";s:5:""start"";a:2:{i:0;s:5:""22:17"";i:1;s:5:""10:17"";}}}"
60,"Chành xe thứ 9",,cr_carrier,GV0009,"a:1:{i:0;a:3:{s:7:""address"";s:27:""Ly Thuong Kiet, district 10"";s:4:""time"";s:11:""60 213phút"";s:5:""start"";a:2:{i:0;s:5:""13:39"";i:1;s:5:""21:09"";}}}"
73,ádsad,,cr_carrier,GV123123213,"a:1:{i:0;a:3:{s:7:""address"";s:6:""sadasd"";s:4:""time"";s:9:""sadasdsad"";s:5:""start"";a:1:{i:0;s:5:""15:50"";}}}"
74,asdsadad,,cr_carrier,GV21321,"a:1:{i:0;a:3:{s:7:""address"";s:7:""ưqeqwe"";s:4:""time"";s:2:""18"";s:5:""start"";a:1:{i:0;s:0:"""";}}}"
77,asdq,,cr_carrier,GV01213,"a:1:{i:0;a:3:{s:7:""address"";s:8:""qwrqwe12"";s:4:""time"";s:6:""123123"";s:5:""start"";a:1:{i:0;s:0:"""";}}}"
78,anh,,cr_carrier,GV0012,"a:1:{i:0;a:3:{s:7:""address"";s:2:""em"";s:4:""time"";s:2:""1h"";s:5:""start"";a:0:{}}}"
79,21312,,cr_carrier,Gv123rddsa,"a:1:{i:0;a:3:{s:7:""address"";s:6:""234234"";s:4:""time"";s:6:""412313"";s:5:""start"";a:1:{i:0;s:5:""06:16"";}}}"
80,asd,,cr_carrier,GVaye,"a:1:{i:0;a:3:{s:7:""address"";s:5:""asdas"";s:4:""time"";s:6:""asdasf"";s:5:""start"";a:1:{i:0;s:0:"""";}}}"
81,asd,,cr_carrier,GVeya,"a:1:{i:0;a:3:{s:7:""address"";s:7:""as3r4r1"";s:4:""time"";s:6:""213124"";s:5:""start"";a:1:{i:0;s:0:"""";}}}"
82,"Chành xe Thanh Lâm",,cr_carrier,hihih,"a:1:{i:0;a:3:{s:7:""address"";s:15:""85 Bảy Hiền"";s:4:""time"";s:2:""50"";s:5:""start"";a:3:{i:0;s:5:""10:10"";i:1;s:5:""15:15"";i:2;s:5:""16:20"";}}}"
83,123213123,,cr_carrier,sadqwe12,"a:1:{i:0;a:3:{s:7:""address"";s:8:""ứadqwd"";s:4:""time"";s:7:""ưqe123"";s:5:""start"";a:1:{i:0;s:5:""16:33"";}}}"
84,ytry46,,cr_carrier,657yhg,"a:1:{i:0;a:3:{s:7:""address"";s:5:""65746"";s:4:""time"";s:6:""567457"";s:5:""start"";a:1:{i:0;s:5:""05:25"";}}}"
85,anhgoiem,,cr_carrier,haigiosang,"a:1:{i:0;a:3:{s:7:""address"";s:7:""kbatmay"";s:4:""time"";s:5:""whyyy"";s:5:""start"";a:4:{i:0;s:5:""01:50"";i:1;s:5:""18:33"";i:2;s:5:""17:33"";i:3;s:5:""15:33"";}}}"
88,"10 Gio Sang",,cr_carrier,10101,"a:1:{i:0;a:3:{s:7:""address"";s:7:""659 LLQ"";s:4:""time"";s:5:""hello"";s:5:""start"";a:1:{i:0;s:5:""04:33"";}}}"
94,qưe,,cr_carrier,GVsad,"a:1:{i:0;a:3:{s:7:""address"";s:4:""qưe"";s:4:""time"";s:4:""ưqe"";s:5:""start"";a:1:{i:0;s:0:"""";}}}"
1423,"Chành xe Lâm",,cr_carrier,GV0025,"a:1:{i:0;a:3:{s:7:""address"";s:15:""85 Bảy Hiền"";s:4:""time"";s:2:""50"";s:5:""start"";a:3:{i:0;s:5:""10:10"";i:1;s:5:""15:15"";i:2;s:5:""16:20"";}}}"
